sentence,label
tôi muốn tắt phim ngay,0
tôi muốn tắt thời tiết ngay,0
tôi muốn tắt face ngay,0
tôi muốn tắt insta ngay,0
tôi muốn tắt intellij ngay,0
tôi muốn tắt pycharm ngay,0
tôi muốn tắt chrome ngay,0
tôi muốn tắt firefox ngay,0
tôi muốn tắt steam ngay,0
tôi muốn tắt terminal ngay,0
tôi muốn tắt skype ngay,0
tôi muốn tắt dropbox ngay,0
tôi muốn tắt pinta ngay,0
tôi muốn tắt instagram.com ngay,0
tôi muốn tắt insta ngay,0
tôi muốn tắt instagram ngay,0
tôi muốn tắt facebook.com ngay,0
tôi muốn tắt facebook ngay,0
tôi muốn tắt face ngay,0
tôi muốn tắt gmail ngay,0
tôi muốn tắt mail.google.com ngay,0
tôi muốn tắt twitter.com ngay,0
tôi muốn tắt tweet ngay,0
tôi muốn tắt twitter ngay,0
tôi muốn tắt wikipedia ngay,0
tôi muốn tắt wiki ngay,0
tôi muốn tắt reddit.com ngay,0
tôi muốn tắt reddit ngay,0
tôi muốn tắt youtube.com ngay,0
tôi muốn tắt youtube ngay,0
tôi muốn tắt geeksforgeeks.org ngay,0
tôi muốn tắt geeksforgeeks ngay,0
tôi muốn tắt xvideos ngay,0
tôi muốn tắt yahoo.com ngay,0
tôi muốn tắt yahoo.com ngay,0
tôi muốn tắt amazon.com ngay,0
tôi muốn tắt amazon ngay,0
tôi muốn tắt google.com ngay,0
tôi muốn tắt google ngay,0
tôi muốn tắt linkedin.com ngay,0
tôi muốn tắt linkedin ngay,0
tôi muốn tắt netflix.com ngay,0
tôi muốn tắt netflix ngay,0
tôi muốn tắt phimmoi.com ngay,0
tôi muốn tắt phimmoi ngay,0
tôi muốn tắt thời tiết ngay,0
tôi muốn tắt phim ngay,0
tôi muốn tắt tủ quần áo ngay,0
tôi muốn tắt cửa ngay,0
đóng phim ngay lập tức,3
đóng thời tiết ngay lập tức,3
đóng face ngay lập tức,3
đóng insta ngay lập tức,3
đóng intellij ngay lập tức,3
đóng pycharm ngay lập tức,3
đóng chrome ngay lập tức,3
đóng firefox ngay lập tức,3
đóng steam ngay lập tức,3
đóng terminal ngay lập tức,3
đóng skype ngay lập tức,3
đóng dropbox ngay lập tức,3
đóng pinta ngay lập tức,3
đóng instagram.com ngay lập tức,3
đóng insta ngay lập tức,3
đóng instagram ngay lập tức,3
đóng facebook.com ngay lập tức,3
đóng facebook ngay lập tức,3
đóng face ngay lập tức,3
đóng gmail ngay lập tức,3
đóng mail.google.com ngay lập tức,3
đóng twitter.com ngay lập tức,3
đóng tweet ngay lập tức,3
đóng twitter ngay lập tức,3
đóng wikipedia ngay lập tức,3
đóng wiki ngay lập tức,3
đóng reddit.com ngay lập tức,3
đóng reddit ngay lập tức,3
đóng youtube.com ngay lập tức,3
đóng youtube ngay lập tức,3
đóng geeksforgeeks.org ngay lập tức,3
đóng geeksforgeeks ngay lập tức,3
đóng xvideos ngay lập tức,3
đóng yahoo.com ngay lập tức,3
đóng yahoo.com ngay lập tức,3
đóng amazon.com ngay lập tức,3
đóng amazon ngay lập tức,3
đóng google.com ngay lập tức,3
đóng google ngay lập tức,3
đóng linkedin.com ngay lập tức,3
đóng linkedin ngay lập tức,3
đóng netflix.com ngay lập tức,3
đóng netflix ngay lập tức,3
đóng phimmoi.com ngay lập tức,3
đóng phimmoi ngay lập tức,3
đóng thời tiết ngay lập tức,3
đóng phim ngay lập tức,3
đóng tủ quần áo ngay lập tức,3
đóng cửa ngay lập tức,3
tôi muốn tắt phim ngay,0
tôi muốn tắt thời tiết ngay,0
tôi muốn tắt face ngay,0
tôi muốn tắt insta ngay,0
tôi muốn tắt intellij ngay,0
tôi muốn tắt pycharm ngay,0
tôi muốn tắt chrome ngay,0
tôi muốn tắt firefox ngay,0
tôi muốn tắt steam ngay,0
tôi muốn tắt terminal ngay,0
tôi muốn tắt skype ngay,0
tôi muốn tắt dropbox ngay,0
tôi muốn tắt pinta ngay,0
tôi muốn tắt instagram.com ngay,0
tôi muốn tắt insta ngay,0
tôi muốn tắt instagram ngay,0
tôi muốn tắt facebook.com ngay,0
tôi muốn tắt facebook ngay,0
tôi muốn tắt face ngay,0
tôi muốn tắt gmail ngay,0
tôi muốn tắt mail.google.com ngay,0
tôi muốn tắt twitter.com ngay,0
tôi muốn tắt tweet ngay,0
tôi muốn tắt twitter ngay,0
tôi muốn tắt wikipedia ngay,0
tôi muốn tắt wiki ngay,0
tôi muốn tắt reddit.com ngay,0
tôi muốn tắt reddit ngay,0
tôi muốn tắt youtube.com ngay,0
tôi muốn tắt youtube ngay,0
tôi muốn tắt geeksforgeeks.org ngay,0
tôi muốn tắt geeksforgeeks ngay,0
tôi muốn tắt xvideos ngay,0
tôi muốn tắt yahoo.com ngay,0
tôi muốn tắt yahoo.com ngay,0
tôi muốn tắt amazon.com ngay,0
tôi muốn tắt amazon ngay,0
tôi muốn tắt google.com ngay,0
tôi muốn tắt google ngay,0
tôi muốn tắt linkedin.com ngay,0
tôi muốn tắt linkedin ngay,0
tôi muốn tắt netflix.com ngay,0
tôi muốn tắt netflix ngay,0
tôi muốn tắt phimmoi.com ngay,0
tôi muốn tắt phimmoi ngay,0
tôi muốn tắt thời tiết ngay,0
tôi muốn tắt phim ngay,0
tôi muốn tắt tủ quần áo ngay,0
tôi muốn tắt cửa ngay,0
tôi rất muốn mở phim ngay bây giờ,0
tôi rất muốn mở thời tiết ngay bây giờ,0
tôi rất muốn mở face ngay bây giờ,0
tôi rất muốn mở insta ngay bây giờ,0
tôi rất muốn mở intellij ngay bây giờ,0
tôi rất muốn mở pycharm ngay bây giờ,0
tôi rất muốn mở chrome ngay bây giờ,0
tôi rất muốn mở firefox ngay bây giờ,0
tôi rất muốn mở steam ngay bây giờ,0
tôi rất muốn mở terminal ngay bây giờ,0
tôi rất muốn mở skype ngay bây giờ,0
tôi rất muốn mở dropbox ngay bây giờ,0
tôi rất muốn mở pinta ngay bây giờ,0
tôi rất muốn mở instagram.com ngay bây giờ,0
tôi rất muốn mở insta ngay bây giờ,0
tôi rất muốn mở instagram ngay bây giờ,0
tôi rất muốn mở facebook.com ngay bây giờ,0
tôi rất muốn mở facebook ngay bây giờ,0
tôi rất muốn mở face ngay bây giờ,0
tôi rất muốn mở gmail ngay bây giờ,0
tôi rất muốn mở mail.google.com ngay bây giờ,0
tôi rất muốn mở twitter.com ngay bây giờ,0
tôi rất muốn mở tweet ngay bây giờ,0
tôi rất muốn mở twitter ngay bây giờ,0
tôi rất muốn mở wikipedia ngay bây giờ,0
tôi rất muốn mở wiki ngay bây giờ,0
tôi rất muốn mở reddit.com ngay bây giờ,0
tôi rất muốn mở reddit ngay bây giờ,0
tôi rất muốn mở youtube.com ngay bây giờ,0
tôi rất muốn mở youtube ngay bây giờ,0
tôi rất muốn mở geeksforgeeks.org ngay bây giờ,0
tôi rất muốn mở geeksforgeeks ngay bây giờ,0
tôi rất muốn mở xvideos ngay bây giờ,0
tôi rất muốn mở yahoo.com ngay bây giờ,0
tôi rất muốn mở yahoo.com ngay bây giờ,0
tôi rất muốn mở amazon.com ngay bây giờ,0
tôi rất muốn mở amazon ngay bây giờ,0
tôi rất muốn mở google.com ngay bây giờ,0
tôi rất muốn mở google ngay bây giờ,0
tôi rất muốn mở linkedin.com ngay bây giờ,0
tôi rất muốn mở linkedin ngay bây giờ,0
tôi rất muốn mở netflix.com ngay bây giờ,0
tôi rất muốn mở netflix ngay bây giờ,0
tôi rất muốn mở phimmoi.com ngay bây giờ,0
tôi rất muốn mở phimmoi ngay bây giờ,0
tôi rất muốn mở thời tiết ngay bây giờ,0
tôi rất muốn mở phim ngay bây giờ,0
tôi rất muốn mở tủ quần áo ngay bây giờ,0
tôi rất muốn mở cửa ngay bây giờ,0
làm ơn bật phim cho tôi,0
làm ơn bật thời tiết cho tôi,0
làm ơn bật face cho tôi,0
làm ơn bật insta cho tôi,0
làm ơn bật intellij cho tôi,0
làm ơn bật pycharm cho tôi,0
làm ơn bật chrome cho tôi,0
làm ơn bật firefox cho tôi,0
làm ơn bật steam cho tôi,0
làm ơn bật terminal cho tôi,0
làm ơn bật skype cho tôi,0
làm ơn bật dropbox cho tôi,0
làm ơn bật pinta cho tôi,0
làm ơn bật instagram.com cho tôi,0
làm ơn bật insta cho tôi,0
làm ơn bật instagram cho tôi,0
làm ơn bật facebook.com cho tôi,0
làm ơn bật facebook cho tôi,0
làm ơn bật face cho tôi,0
làm ơn bật gmail cho tôi,0
làm ơn bật mail.google.com cho tôi,0
làm ơn bật twitter.com cho tôi,0
làm ơn bật tweet cho tôi,0
làm ơn bật twitter cho tôi,0
làm ơn bật wikipedia cho tôi,0
làm ơn bật wiki cho tôi,0
làm ơn bật reddit.com cho tôi,0
làm ơn bật reddit cho tôi,0
làm ơn bật youtube.com cho tôi,0
làm ơn bật youtube cho tôi,0
làm ơn bật geeksforgeeks.org cho tôi,0
làm ơn bật geeksforgeeks cho tôi,0
làm ơn bật xvideos cho tôi,0
làm ơn bật yahoo.com cho tôi,0
làm ơn bật yahoo.com cho tôi,0
làm ơn bật amazon.com cho tôi,0
làm ơn bật amazon cho tôi,0
làm ơn bật google.com cho tôi,0
làm ơn bật google cho tôi,0
làm ơn bật linkedin.com cho tôi,0
làm ơn bật linkedin cho tôi,0
làm ơn bật netflix.com cho tôi,0
làm ơn bật netflix cho tôi,0
làm ơn bật phimmoi.com cho tôi,0
làm ơn bật phimmoi cho tôi,0
làm ơn bật thời tiết cho tôi,0
làm ơn bật phim cho tôi,0
làm ơn bật tủ quần áo cho tôi,0
làm ơn bật cửa cho tôi,0
mở phim,0
mở thời tiết,0
mở face,0
mở insta,0
mở intellij,0
mở pycharm,0
mở chrome,0
mở firefox,0
mở steam,0
mở terminal,0
mở skype,0
mở dropbox,0
mở pinta,0
mở instagram.com,0
mở insta,0
mở instagram,0
mở facebook.com,0
mở facebook,0
mở face,0
mở gmail,0
mở mail.google.com,0
mở twitter.com,0
mở tweet,0
mở twitter,0
mở wikipedia,0
mở wiki,0
mở reddit.com,0
mở reddit,0
mở youtube.com,0
mở youtube,0
mở geeksforgeeks.org,0
mở geeksforgeeks,0
mở xvideos,0
mở yahoo.com,0
mở yahoo.com,0
mở amazon.com,0
mở amazon,0
mở google.com,0
mở google,0
mở linkedin.com,0
mở linkedin,0
mở netflix.com,0
mở netflix,0
mở phimmoi.com,0
mở phimmoi,0
mở thời tiết,0
mở phim,0
mở tủ quần áo,0
mở cửa,0
đóng phim,3
đóng thời tiết,3
đóng face,3
đóng insta,3
đóng intellij,3
đóng pycharm,3
đóng chrome,3
đóng firefox,3
đóng steam,3
đóng terminal,3
đóng skype,3
đóng dropbox,3
đóng pinta,3
đóng instagram.com,3
đóng insta,3
đóng instagram,3
đóng facebook.com,3
đóng facebook,3
đóng face,3
đóng gmail,3
đóng mail.google.com,3
đóng twitter.com,3
đóng tweet,3
đóng twitter,3
đóng wikipedia,3
đóng wiki,3
đóng reddit.com,3
đóng reddit,3
đóng youtube.com,3
đóng youtube,3
đóng geeksforgeeks.org,3
đóng geeksforgeeks,3
đóng xvideos,3
đóng yahoo.com,3
đóng yahoo.com,3
đóng amazon.com,3
đóng amazon,3
đóng google.com,3
đóng google,3
đóng linkedin.com,3
đóng linkedin,3
đóng netflix.com,3
đóng netflix,3
đóng phimmoi.com,3
đóng phimmoi,3
đóng thời tiết,3
đóng phim,3
đóng tủ quần áo,3
đóng cửa,3
mày đóng phim đi,3
mày đóng thời tiết đi,3
mày đóng face đi,3
mày đóng insta đi,3
mày đóng intellij đi,3
mày đóng pycharm đi,3
mày đóng chrome đi,3
mày đóng firefox đi,3
mày đóng steam đi,3
mày đóng terminal đi,3
mày đóng skype đi,3
mày đóng dropbox đi,3
mày đóng pinta đi,3
mày đóng instagram.com đi,3
mày đóng insta đi,3
mày đóng instagram đi,3
mày đóng facebook.com đi,3
mày đóng facebook đi,3
mày đóng face đi,3
mày đóng gmail đi,3
mày đóng mail.google.com đi,3
mày đóng twitter.com đi,3
mày đóng tweet đi,3
mày đóng twitter đi,3
mày đóng wikipedia đi,3
mày đóng wiki đi,3
mày đóng reddit.com đi,3
mày đóng reddit đi,3
mày đóng youtube.com đi,3
mày đóng youtube đi,3
mày đóng geeksforgeeks.org đi,3
mày đóng geeksforgeeks đi,3
mày đóng xvideos đi,3
mày đóng yahoo.com đi,3
mày đóng yahoo.com đi,3
mày đóng amazon.com đi,3
mày đóng amazon đi,3
mày đóng google.com đi,3
mày đóng google đi,3
mày đóng linkedin.com đi,3
mày đóng linkedin đi,3
mày đóng netflix.com đi,3
mày đóng netflix đi,3
mày đóng phimmoi.com đi,3
mày đóng phimmoi đi,3
mày đóng thời tiết đi,3
mày đóng phim đi,3
mày đóng tủ quần áo đi,3
mày đóng cửa đi,3
bạn hãy mở phim cho tôi,0
bạn hãy mở thời tiết cho tôi,0
bạn hãy mở face cho tôi,0
bạn hãy mở insta cho tôi,0
bạn hãy mở intellij cho tôi,0
bạn hãy mở pycharm cho tôi,0
bạn hãy mở chrome cho tôi,0
bạn hãy mở firefox cho tôi,0
bạn hãy mở steam cho tôi,0
bạn hãy mở terminal cho tôi,0
bạn hãy mở skype cho tôi,0
bạn hãy mở dropbox cho tôi,0
bạn hãy mở pinta cho tôi,0
bạn hãy mở instagram.com cho tôi,0
bạn hãy mở insta cho tôi,0
bạn hãy mở instagram cho tôi,0
bạn hãy mở facebook.com cho tôi,0
bạn hãy mở facebook cho tôi,0
bạn hãy mở face cho tôi,0
bạn hãy mở gmail cho tôi,0
bạn hãy mở mail.google.com cho tôi,0
bạn hãy mở twitter.com cho tôi,0
bạn hãy mở tweet cho tôi,0
bạn hãy mở twitter cho tôi,0
bạn hãy mở wikipedia cho tôi,0
bạn hãy mở wiki cho tôi,0
bạn hãy mở reddit.com cho tôi,0
bạn hãy mở reddit cho tôi,0
bạn hãy mở youtube.com cho tôi,0
bạn hãy mở youtube cho tôi,0
bạn hãy mở geeksforgeeks.org cho tôi,0
bạn hãy mở geeksforgeeks cho tôi,0
bạn hãy mở xvideos cho tôi,0
bạn hãy mở yahoo.com cho tôi,0
bạn hãy mở yahoo.com cho tôi,0
bạn hãy mở amazon.com cho tôi,0
bạn hãy mở amazon cho tôi,0
bạn hãy mở google.com cho tôi,0
bạn hãy mở google cho tôi,0
bạn hãy mở linkedin.com cho tôi,0
bạn hãy mở linkedin cho tôi,0
bạn hãy mở netflix.com cho tôi,0
bạn hãy mở netflix cho tôi,0
bạn hãy mở phimmoi.com cho tôi,0
bạn hãy mở phimmoi cho tôi,0
bạn hãy mở thời tiết cho tôi,0
bạn hãy mở phim cho tôi,0
bạn hãy mở tủ quần áo cho tôi,0
bạn hãy mở cửa cho tôi,0
mở phim đi,0
mở thời tiết đi,0
mở face đi,0
mở insta đi,0
mở intellij đi,0
mở pycharm đi,0
mở chrome đi,0
mở firefox đi,0
mở steam đi,0
mở terminal đi,0
mở skype đi,0
mở dropbox đi,0
mở pinta đi,0
mở instagram.com đi,0
mở insta đi,0
mở instagram đi,0
mở facebook.com đi,0
mở facebook đi,0
mở face đi,0
mở gmail đi,0
mở mail.google.com đi,0
mở twitter.com đi,0
mở tweet đi,0
mở twitter đi,0
mở wikipedia đi,0
mở wiki đi,0
mở reddit.com đi,0
mở reddit đi,0
mở youtube.com đi,0
mở youtube đi,0
mở geeksforgeeks.org đi,0
mở geeksforgeeks đi,0
mở xvideos đi,0
mở yahoo.com đi,0
mở yahoo.com đi,0
mở amazon.com đi,0
mở amazon đi,0
mở google.com đi,0
mở google đi,0
mở linkedin.com đi,0
mở linkedin đi,0
mở netflix.com đi,0
mở netflix đi,0
mở phimmoi.com đi,0
mở phimmoi đi,0
mở thời tiết đi,0
mở phim đi,0
mở tủ quần áo đi,0
mở cửa đi,0
mở phim lên đi,0
mở thời tiết lên đi,0
mở face lên đi,0
mở insta lên đi,0
mở intellij lên đi,0
mở pycharm lên đi,0
mở chrome lên đi,0
mở firefox lên đi,0
mở steam lên đi,0
mở terminal lên đi,0
mở skype lên đi,0
mở dropbox lên đi,0
mở pinta lên đi,0
mở instagram.com lên đi,0
mở insta lên đi,0
mở instagram lên đi,0
mở facebook.com lên đi,0
mở facebook lên đi,0
mở face lên đi,0
mở gmail lên đi,0
mở mail.google.com lên đi,0
mở twitter.com lên đi,0
mở tweet lên đi,0
mở twitter lên đi,0
mở wikipedia lên đi,0
mở wiki lên đi,0
mở reddit.com lên đi,0
mở reddit lên đi,0
mở youtube.com lên đi,0
mở youtube lên đi,0
mở geeksforgeeks.org lên đi,0
mở geeksforgeeks lên đi,0
mở xvideos lên đi,0
mở yahoo.com lên đi,0
mở yahoo.com lên đi,0
mở amazon.com lên đi,0
mở amazon lên đi,0
mở google.com lên đi,0
mở google lên đi,0
mở linkedin.com lên đi,0
mở linkedin lên đi,0
mở netflix.com lên đi,0
mở netflix lên đi,0
mở phimmoi.com lên đi,0
mở phimmoi lên đi,0
mở thời tiết lên đi,0
mở phim lên đi,0
mở tủ quần áo lên đi,0
mở cửa lên đi,0
tắt phim lại nhé,3
tắt thời tiết lại nhé,3
tắt face lại nhé,3
tắt insta lại nhé,3
tắt intellij lại nhé,3
tắt pycharm lại nhé,3
tắt chrome lại nhé,3
tắt firefox lại nhé,3
tắt steam lại nhé,3
tắt terminal lại nhé,3
tắt skype lại nhé,3
tắt dropbox lại nhé,3
tắt pinta lại nhé,3
tắt instagram.com lại nhé,3
tắt insta lại nhé,3
tắt instagram lại nhé,3
tắt facebook.com lại nhé,3
tắt facebook lại nhé,3
tắt face lại nhé,3
tắt gmail lại nhé,3
tắt mail.google.com lại nhé,3
tắt twitter.com lại nhé,3
tắt tweet lại nhé,3
tắt twitter lại nhé,3
tắt wikipedia lại nhé,3
tắt wiki lại nhé,3
tắt reddit.com lại nhé,3
tắt reddit lại nhé,3
tắt youtube.com lại nhé,3
tắt youtube lại nhé,3
tắt geeksforgeeks.org lại nhé,3
tắt geeksforgeeks lại nhé,3
tắt xvideos lại nhé,3
tắt yahoo.com lại nhé,3
tắt yahoo.com lại nhé,3
tắt amazon.com lại nhé,3
tắt amazon lại nhé,3
tắt google.com lại nhé,3
tắt google lại nhé,3
tắt linkedin.com lại nhé,3
tắt linkedin lại nhé,3
tắt netflix.com lại nhé,3
tắt netflix lại nhé,3
tắt phimmoi.com lại nhé,3
tắt phimmoi lại nhé,3
tắt thời tiết lại nhé,3
tắt phim lại nhé,3
tắt tủ quần áo lại nhé,3
tắt cửa lại nhé,3
bật phim lên,0
bật thời tiết lên,0
bật face lên,0
bật insta lên,0
bật intellij lên,0
bật pycharm lên,0
bật chrome lên,0
bật firefox lên,0
bật steam lên,0
bật terminal lên,0
bật skype lên,0
bật dropbox lên,0
bật pinta lên,0
bật instagram.com lên,0
bật insta lên,0
bật instagram lên,0
bật facebook.com lên,0
bật facebook lên,0
bật face lên,0
bật gmail lên,0
bật mail.google.com lên,0
bật twitter.com lên,0
bật tweet lên,0
bật twitter lên,0
bật wikipedia lên,0
bật wiki lên,0
bật reddit.com lên,0
bật reddit lên,0
bật youtube.com lên,0
bật youtube lên,0
bật geeksforgeeks.org lên,0
bật geeksforgeeks lên,0
bật xvideos lên,0
bật yahoo.com lên,0
bật yahoo.com lên,0
bật amazon.com lên,0
bật amazon lên,0
bật google.com lên,0
bật google lên,0
bật linkedin.com lên,0
bật linkedin lên,0
bật netflix.com lên,0
bật netflix lên,0
bật phimmoi.com lên,0
bật phimmoi lên,0
bật thời tiết lên,0
bật phim lên,0
bật tủ quần áo lên,0
bật cửa lên,0
ngắt phim ngay,3
ngắt thời tiết ngay,3
ngắt face ngay,3
ngắt insta ngay,3
ngắt intellij ngay,3
ngắt pycharm ngay,3
ngắt chrome ngay,3
ngắt firefox ngay,3
ngắt steam ngay,3
ngắt terminal ngay,3
ngắt skype ngay,3
ngắt dropbox ngay,3
ngắt pinta ngay,3
ngắt instagram.com ngay,3
ngắt insta ngay,3
ngắt instagram ngay,3
ngắt facebook.com ngay,3
ngắt facebook ngay,3
ngắt face ngay,3
ngắt gmail ngay,3
ngắt mail.google.com ngay,3
ngắt twitter.com ngay,3
ngắt tweet ngay,3
ngắt twitter ngay,3
ngắt wikipedia ngay,3
ngắt wiki ngay,3
ngắt reddit.com ngay,3
ngắt reddit ngay,3
ngắt youtube.com ngay,3
ngắt youtube ngay,3
ngắt geeksforgeeks.org ngay,3
ngắt geeksforgeeks ngay,3
ngắt xvideos ngay,3
ngắt yahoo.com ngay,3
ngắt yahoo.com ngay,3
ngắt amazon.com ngay,3
ngắt amazon ngay,3
ngắt google.com ngay,3
ngắt google ngay,3
ngắt linkedin.com ngay,3
ngắt linkedin ngay,3
ngắt netflix.com ngay,3
ngắt netflix ngay,3
ngắt phimmoi.com ngay,3
ngắt phimmoi ngay,3
ngắt thời tiết ngay,3
ngắt phim ngay,3
ngắt tủ quần áo ngay,3
ngắt cửa ngay,3
hãy khởi động phim,0
hãy khởi động thời tiết,0
hãy khởi động face,0
hãy khởi động insta,0
hãy khởi động intellij,0
hãy khởi động pycharm,0
hãy khởi động chrome,0
hãy khởi động firefox,0
hãy khởi động steam,0
hãy khởi động terminal,0
hãy khởi động skype,0
hãy khởi động dropbox,0
hãy khởi động pinta,0
hãy khởi động instagram.com,0
hãy khởi động insta,0
hãy khởi động instagram,0
hãy khởi động facebook.com,0
hãy khởi động facebook,0
hãy khởi động face,0
hãy khởi động gmail,0
hãy khởi động mail.google.com,0
hãy khởi động twitter.com,0
hãy khởi động tweet,0
hãy khởi động twitter,0
hãy khởi động wikipedia,0
hãy khởi động wiki,0
hãy khởi động reddit.com,0
hãy khởi động reddit,0
hãy khởi động youtube.com,0
hãy khởi động youtube,0
hãy khởi động geeksforgeeks.org,0
hãy khởi động geeksforgeeks,0
hãy khởi động xvideos,0
hãy khởi động yahoo.com,0
hãy khởi động yahoo.com,0
hãy khởi động amazon.com,0
hãy khởi động amazon,0
hãy khởi động google.com,0
hãy khởi động google,0
hãy khởi động linkedin.com,0
hãy khởi động linkedin,0
hãy khởi động netflix.com,0
hãy khởi động netflix,0
hãy khởi động phimmoi.com,0
hãy khởi động phimmoi,0
hãy khởi động thời tiết,0
hãy khởi động phim,0
hãy khởi động tủ quần áo,0
hãy khởi động cửa,0
khởi động phim,0
khởi động thời tiết,0
khởi động face,0
khởi động insta,0
khởi động intellij,0
khởi động pycharm,0
khởi động chrome,0
khởi động firefox,0
khởi động steam,0
khởi động terminal,0
khởi động skype,0
khởi động dropbox,0
khởi động pinta,0
khởi động instagram.com,0
khởi động insta,0
khởi động instagram,0
khởi động facebook.com,0
khởi động facebook,0
khởi động face,0
khởi động gmail,0
khởi động mail.google.com,0
khởi động twitter.com,0
khởi động tweet,0
khởi động twitter,0
khởi động wikipedia,0
khởi động wiki,0
khởi động reddit.com,0
khởi động reddit,0
khởi động youtube.com,0
khởi động youtube,0
khởi động geeksforgeeks.org,0
khởi động geeksforgeeks,0
khởi động xvideos,0
khởi động yahoo.com,0
khởi động yahoo.com,0
khởi động amazon.com,0
khởi động amazon,0
khởi động google.com,0
khởi động google,0
khởi động linkedin.com,0
khởi động linkedin,0
khởi động netflix.com,0
khởi động netflix,0
khởi động phimmoi.com,0
khởi động phimmoi,0
khởi động thời tiết,0
khởi động phim,0
khởi động tủ quần áo,0
khởi động cửa,0
tôi muốn xem phim,0
tôi muốn xem thời tiết,0
tôi muốn xem face,0
tôi muốn xem insta,0
tôi muốn xem intellij,0
tôi muốn xem pycharm,0
tôi muốn xem chrome,0
tôi muốn xem firefox,0
tôi muốn xem steam,0
tôi muốn xem terminal,0
tôi muốn xem skype,0
tôi muốn xem dropbox,0
tôi muốn xem pinta,0
tôi muốn xem instagram.com,0
tôi muốn xem insta,0
tôi muốn xem instagram,0
tôi muốn xem facebook.com,0
tôi muốn xem facebook,0
tôi muốn xem face,0
tôi muốn xem gmail,0
tôi muốn xem mail.google.com,0
tôi muốn xem twitter.com,0
tôi muốn xem tweet,0
tôi muốn xem twitter,0
tôi muốn xem wikipedia,0
tôi muốn xem wiki,0
tôi muốn xem reddit.com,0
tôi muốn xem reddit,0
tôi muốn xem youtube.com,0
tôi muốn xem youtube,0
tôi muốn xem geeksforgeeks.org,0
tôi muốn xem geeksforgeeks,0
tôi muốn xem xvideos,0
tôi muốn xem yahoo.com,0
tôi muốn xem yahoo.com,0
tôi muốn xem amazon.com,0
tôi muốn xem amazon,0
tôi muốn xem google.com,0
tôi muốn xem google,0
tôi muốn xem linkedin.com,0
tôi muốn xem linkedin,0
tôi muốn xem netflix.com,0
tôi muốn xem netflix,0
tôi muốn xem phimmoi.com,0
tôi muốn xem phimmoi,0
tôi muốn xem thời tiết,0
tôi muốn xem phim,0
tôi muốn xem tủ quần áo,0
tôi muốn xem cửa,0
tắt phim đi nhé,3
tắt thời tiết đi nhé,3
tắt face đi nhé,3
tắt insta đi nhé,3
tắt intellij đi nhé,3
tắt pycharm đi nhé,3
tắt chrome đi nhé,3
tắt firefox đi nhé,3
tắt steam đi nhé,3
tắt terminal đi nhé,3
tắt skype đi nhé,3
tắt dropbox đi nhé,3
tắt pinta đi nhé,3
tắt instagram.com đi nhé,3
tắt insta đi nhé,3
tắt instagram đi nhé,3
tắt facebook.com đi nhé,3
tắt facebook đi nhé,3
tắt face đi nhé,3
tắt gmail đi nhé,3
tắt mail.google.com đi nhé,3
tắt twitter.com đi nhé,3
tắt tweet đi nhé,3
tắt twitter đi nhé,3
tắt wikipedia đi nhé,3
tắt wiki đi nhé,3
tắt reddit.com đi nhé,3
tắt reddit đi nhé,3
tắt youtube.com đi nhé,3
tắt youtube đi nhé,3
tắt geeksforgeeks.org đi nhé,3
tắt geeksforgeeks đi nhé,3
tắt xvideos đi nhé,3
tắt yahoo.com đi nhé,3
tắt yahoo.com đi nhé,3
tắt amazon.com đi nhé,3
tắt amazon đi nhé,3
tắt google.com đi nhé,3
tắt google đi nhé,3
tắt linkedin.com đi nhé,3
tắt linkedin đi nhé,3
tắt netflix.com đi nhé,3
tắt netflix đi nhé,3
tắt phimmoi.com đi nhé,3
tắt phimmoi đi nhé,3
tắt thời tiết đi nhé,3
tắt phim đi nhé,3
tắt tủ quần áo đi nhé,3
tắt cửa đi nhé,3
tôi muốn phim được bật lên,0
tôi muốn thời tiết được bật lên,0
tôi muốn face được bật lên,0
tôi muốn insta được bật lên,0
tôi muốn intellij được bật lên,0
tôi muốn pycharm được bật lên,0
tôi muốn chrome được bật lên,0
tôi muốn firefox được bật lên,0
tôi muốn steam được bật lên,0
tôi muốn terminal được bật lên,0
tôi muốn skype được bật lên,0
tôi muốn dropbox được bật lên,0
tôi muốn pinta được bật lên,0
tôi muốn instagram.com được bật lên,0
tôi muốn insta được bật lên,0
tôi muốn instagram được bật lên,0
tôi muốn facebook.com được bật lên,0
tôi muốn facebook được bật lên,0
tôi muốn face được bật lên,0
tôi muốn gmail được bật lên,0
tôi muốn mail.google.com được bật lên,0
tôi muốn twitter.com được bật lên,0
tôi muốn tweet được bật lên,0
tôi muốn twitter được bật lên,0
tôi muốn wikipedia được bật lên,0
tôi muốn wiki được bật lên,0
tôi muốn reddit.com được bật lên,0
tôi muốn reddit được bật lên,0
tôi muốn youtube.com được bật lên,0
tôi muốn youtube được bật lên,0
tôi muốn geeksforgeeks.org được bật lên,0
tôi muốn geeksforgeeks được bật lên,0
tôi muốn xvideos được bật lên,0
tôi muốn yahoo.com được bật lên,0
tôi muốn yahoo.com được bật lên,0
tôi muốn amazon.com được bật lên,0
tôi muốn amazon được bật lên,0
tôi muốn google.com được bật lên,0
tôi muốn google được bật lên,0
tôi muốn linkedin.com được bật lên,0
tôi muốn linkedin được bật lên,0
tôi muốn netflix.com được bật lên,0
tôi muốn netflix được bật lên,0
tôi muốn phimmoi.com được bật lên,0
tôi muốn phimmoi được bật lên,0
tôi muốn thời tiết được bật lên,0
tôi muốn phim được bật lên,0
tôi muốn tủ quần áo được bật lên,0
tôi muốn cửa được bật lên,0
tôi muốn phim được đóng,3
tôi muốn thời tiết được đóng,3
tôi muốn face được đóng,3
tôi muốn insta được đóng,3
tôi muốn intellij được đóng,3
tôi muốn pycharm được đóng,3
tôi muốn chrome được đóng,3
tôi muốn firefox được đóng,3
tôi muốn steam được đóng,3
tôi muốn terminal được đóng,3
tôi muốn skype được đóng,3
tôi muốn dropbox được đóng,3
tôi muốn pinta được đóng,3
tôi muốn instagram.com được đóng,3
tôi muốn insta được đóng,3
tôi muốn instagram được đóng,3
tôi muốn facebook.com được đóng,3
tôi muốn facebook được đóng,3
tôi muốn face được đóng,3
tôi muốn gmail được đóng,3
tôi muốn mail.google.com được đóng,3
tôi muốn twitter.com được đóng,3
tôi muốn tweet được đóng,3
tôi muốn twitter được đóng,3
tôi muốn wikipedia được đóng,3
tôi muốn wiki được đóng,3
tôi muốn reddit.com được đóng,3
tôi muốn reddit được đóng,3
tôi muốn youtube.com được đóng,3
tôi muốn youtube được đóng,3
tôi muốn geeksforgeeks.org được đóng,3
tôi muốn geeksforgeeks được đóng,3
tôi muốn xvideos được đóng,3
tôi muốn yahoo.com được đóng,3
tôi muốn yahoo.com được đóng,3
tôi muốn amazon.com được đóng,3
tôi muốn amazon được đóng,3
tôi muốn google.com được đóng,3
tôi muốn google được đóng,3
tôi muốn linkedin.com được đóng,3
tôi muốn linkedin được đóng,3
tôi muốn netflix.com được đóng,3
tôi muốn netflix được đóng,3
tôi muốn phimmoi.com được đóng,3
tôi muốn phimmoi được đóng,3
tôi muốn thời tiết được đóng,3
tôi muốn phim được đóng,3
tôi muốn tủ quần áo được đóng,3
tôi muốn cửa được đóng,3
đừng để tôi thấy phim nữa,3
đừng để tôi thấy thời tiết nữa,3
đừng để tôi thấy face nữa,3
đừng để tôi thấy insta nữa,3
đừng để tôi thấy intellij nữa,3
đừng để tôi thấy pycharm nữa,3
đừng để tôi thấy chrome nữa,3
đừng để tôi thấy firefox nữa,3
đừng để tôi thấy steam nữa,3
đừng để tôi thấy terminal nữa,3
đừng để tôi thấy skype nữa,3
đừng để tôi thấy dropbox nữa,3
đừng để tôi thấy pinta nữa,3
đừng để tôi thấy instagram.com nữa,3
đừng để tôi thấy insta nữa,3
đừng để tôi thấy instagram nữa,3
đừng để tôi thấy facebook.com nữa,3
đừng để tôi thấy facebook nữa,3
đừng để tôi thấy face nữa,3
đừng để tôi thấy gmail nữa,3
đừng để tôi thấy mail.google.com nữa,3
đừng để tôi thấy twitter.com nữa,3
đừng để tôi thấy tweet nữa,3
đừng để tôi thấy twitter nữa,3
đừng để tôi thấy wikipedia nữa,3
đừng để tôi thấy wiki nữa,3
đừng để tôi thấy reddit.com nữa,3
đừng để tôi thấy reddit nữa,3
đừng để tôi thấy youtube.com nữa,3
đừng để tôi thấy youtube nữa,3
đừng để tôi thấy geeksforgeeks.org nữa,3
đừng để tôi thấy geeksforgeeks nữa,3
đừng để tôi thấy xvideos nữa,3
đừng để tôi thấy yahoo.com nữa,3
đừng để tôi thấy yahoo.com nữa,3
đừng để tôi thấy amazon.com nữa,3
đừng để tôi thấy amazon nữa,3
đừng để tôi thấy google.com nữa,3
đừng để tôi thấy google nữa,3
đừng để tôi thấy linkedin.com nữa,3
đừng để tôi thấy linkedin nữa,3
đừng để tôi thấy netflix.com nữa,3
đừng để tôi thấy netflix nữa,3
đừng để tôi thấy phimmoi.com nữa,3
đừng để tôi thấy phimmoi nữa,3
đừng để tôi thấy thời tiết nữa,3
đừng để tôi thấy phim nữa,3
đừng để tôi thấy tủ quần áo nữa,3
đừng để tôi thấy cửa nữa,3
tôi không muốn thấy phim nữa,3
tôi không muốn thấy thời tiết nữa,3
tôi không muốn thấy face nữa,3
tôi không muốn thấy insta nữa,3
tôi không muốn thấy intellij nữa,3
tôi không muốn thấy pycharm nữa,3
tôi không muốn thấy chrome nữa,3
tôi không muốn thấy firefox nữa,3
tôi không muốn thấy steam nữa,3
tôi không muốn thấy terminal nữa,3
tôi không muốn thấy skype nữa,3
tôi không muốn thấy dropbox nữa,3
tôi không muốn thấy pinta nữa,3
tôi không muốn thấy instagram.com nữa,3
tôi không muốn thấy insta nữa,3
tôi không muốn thấy instagram nữa,3
tôi không muốn thấy facebook.com nữa,3
tôi không muốn thấy facebook nữa,3
tôi không muốn thấy face nữa,3
tôi không muốn thấy gmail nữa,3
tôi không muốn thấy mail.google.com nữa,3
tôi không muốn thấy twitter.com nữa,3
tôi không muốn thấy tweet nữa,3
tôi không muốn thấy twitter nữa,3
tôi không muốn thấy wikipedia nữa,3
tôi không muốn thấy wiki nữa,3
tôi không muốn thấy reddit.com nữa,3
tôi không muốn thấy reddit nữa,3
tôi không muốn thấy youtube.com nữa,3
tôi không muốn thấy youtube nữa,3
tôi không muốn thấy geeksforgeeks.org nữa,3
tôi không muốn thấy geeksforgeeks nữa,3
tôi không muốn thấy xvideos nữa,3
tôi không muốn thấy yahoo.com nữa,3
tôi không muốn thấy yahoo.com nữa,3
tôi không muốn thấy amazon.com nữa,3
tôi không muốn thấy amazon nữa,3
tôi không muốn thấy google.com nữa,3
tôi không muốn thấy google nữa,3
tôi không muốn thấy linkedin.com nữa,3
tôi không muốn thấy linkedin nữa,3
tôi không muốn thấy netflix.com nữa,3
tôi không muốn thấy netflix nữa,3
tôi không muốn thấy phimmoi.com nữa,3
tôi không muốn thấy phimmoi nữa,3
tôi không muốn thấy thời tiết nữa,3
tôi không muốn thấy phim nữa,3
tôi không muốn thấy tủ quần áo nữa,3
tôi không muốn thấy cửa nữa,3
phim ơi mở ra,0
thời tiết ơi mở ra,0
face ơi mở ra,0
insta ơi mở ra,0
intellij ơi mở ra,0
pycharm ơi mở ra,0
chrome ơi mở ra,0
firefox ơi mở ra,0
steam ơi mở ra,0
terminal ơi mở ra,0
skype ơi mở ra,0
dropbox ơi mở ra,0
pinta ơi mở ra,0
instagram.com ơi mở ra,0
insta ơi mở ra,0
instagram ơi mở ra,0
facebook.com ơi mở ra,0
facebook ơi mở ra,0
face ơi mở ra,0
gmail ơi mở ra,0
mail.google.com ơi mở ra,0
twitter.com ơi mở ra,0
tweet ơi mở ra,0
twitter ơi mở ra,0
wikipedia ơi mở ra,0
wiki ơi mở ra,0
reddit.com ơi mở ra,0
reddit ơi mở ra,0
youtube.com ơi mở ra,0
youtube ơi mở ra,0
geeksforgeeks.org ơi mở ra,0
geeksforgeeks ơi mở ra,0
xvideos ơi mở ra,0
yahoo.com ơi mở ra,0
yahoo.com ơi mở ra,0
amazon.com ơi mở ra,0
amazon ơi mở ra,0
google.com ơi mở ra,0
google ơi mở ra,0
linkedin.com ơi mở ra,0
linkedin ơi mở ra,0
netflix.com ơi mở ra,0
netflix ơi mở ra,0
phimmoi.com ơi mở ra,0
phimmoi ơi mở ra,0
thời tiết ơi mở ra,0
phim ơi mở ra,0
tủ quần áo ơi mở ra,0
cửa ơi mở ra,0
phim ơi đóng lại,3
thời tiết ơi đóng lại,3
face ơi đóng lại,3
insta ơi đóng lại,3
intellij ơi đóng lại,3
pycharm ơi đóng lại,3
chrome ơi đóng lại,3
firefox ơi đóng lại,3
steam ơi đóng lại,3
terminal ơi đóng lại,3
skype ơi đóng lại,3
dropbox ơi đóng lại,3
pinta ơi đóng lại,3
instagram.com ơi đóng lại,3
insta ơi đóng lại,3
instagram ơi đóng lại,3
facebook.com ơi đóng lại,3
facebook ơi đóng lại,3
face ơi đóng lại,3
gmail ơi đóng lại,3
mail.google.com ơi đóng lại,3
twitter.com ơi đóng lại,3
tweet ơi đóng lại,3
twitter ơi đóng lại,3
wikipedia ơi đóng lại,3
wiki ơi đóng lại,3
reddit.com ơi đóng lại,3
reddit ơi đóng lại,3
youtube.com ơi đóng lại,3
youtube ơi đóng lại,3
geeksforgeeks.org ơi đóng lại,3
geeksforgeeks ơi đóng lại,3
xvideos ơi đóng lại,3
yahoo.com ơi đóng lại,3
yahoo.com ơi đóng lại,3
amazon.com ơi đóng lại,3
amazon ơi đóng lại,3
google.com ơi đóng lại,3
google ơi đóng lại,3
linkedin.com ơi đóng lại,3
linkedin ơi đóng lại,3
netflix.com ơi đóng lại,3
netflix ơi đóng lại,3
phimmoi.com ơi đóng lại,3
phimmoi ơi đóng lại,3
thời tiết ơi đóng lại,3
phim ơi đóng lại,3
tủ quần áo ơi đóng lại,3
cửa ơi đóng lại,3
cho tôi dùng phim,0
cho tôi dùng thời tiết,0
cho tôi dùng face,0
cho tôi dùng insta,0
cho tôi dùng intellij,0
cho tôi dùng pycharm,0
cho tôi dùng chrome,0
cho tôi dùng firefox,0
cho tôi dùng steam,0
cho tôi dùng terminal,0
cho tôi dùng skype,0
cho tôi dùng dropbox,0
cho tôi dùng pinta,0
cho tôi dùng instagram.com,0
cho tôi dùng insta,0
cho tôi dùng instagram,0
cho tôi dùng facebook.com,0
cho tôi dùng facebook,0
cho tôi dùng face,0
cho tôi dùng gmail,0
cho tôi dùng mail.google.com,0
cho tôi dùng twitter.com,0
cho tôi dùng tweet,0
cho tôi dùng twitter,0
cho tôi dùng wikipedia,0
cho tôi dùng wiki,0
cho tôi dùng reddit.com,0
cho tôi dùng reddit,0
cho tôi dùng youtube.com,0
cho tôi dùng youtube,0
cho tôi dùng geeksforgeeks.org,0
cho tôi dùng geeksforgeeks,0
cho tôi dùng xvideos,0
cho tôi dùng yahoo.com,0
cho tôi dùng yahoo.com,0
cho tôi dùng amazon.com,0
cho tôi dùng amazon,0
cho tôi dùng google.com,0
cho tôi dùng google,0
cho tôi dùng linkedin.com,0
cho tôi dùng linkedin,0
cho tôi dùng netflix.com,0
cho tôi dùng netflix,0
cho tôi dùng phimmoi.com,0
cho tôi dùng phimmoi,0
cho tôi dùng thời tiết,0
cho tôi dùng phim,0
cho tôi dùng tủ quần áo,0
cho tôi dùng cửa,0
phim chạy đi,0
thời tiết chạy đi,0
face chạy đi,0
insta chạy đi,0
intellij chạy đi,0
pycharm chạy đi,0
chrome chạy đi,0
firefox chạy đi,0
steam chạy đi,0
terminal chạy đi,0
skype chạy đi,0
dropbox chạy đi,0
pinta chạy đi,0
instagram.com chạy đi,0
insta chạy đi,0
instagram chạy đi,0
facebook.com chạy đi,0
facebook chạy đi,0
face chạy đi,0
gmail chạy đi,0
mail.google.com chạy đi,0
twitter.com chạy đi,0
tweet chạy đi,0
twitter chạy đi,0
wikipedia chạy đi,0
wiki chạy đi,0
reddit.com chạy đi,0
reddit chạy đi,0
youtube.com chạy đi,0
youtube chạy đi,0
geeksforgeeks.org chạy đi,0
geeksforgeeks chạy đi,0
xvideos chạy đi,0
yahoo.com chạy đi,0
yahoo.com chạy đi,0
amazon.com chạy đi,0
amazon chạy đi,0
google.com chạy đi,0
google chạy đi,0
linkedin.com chạy đi,0
linkedin chạy đi,0
netflix.com chạy đi,0
netflix chạy đi,0
phimmoi.com chạy đi,0
phimmoi chạy đi,0
thời tiết chạy đi,0
phim chạy đi,0
tủ quần áo chạy đi,0
cửa chạy đi,0
tôi muốn bạn chạy phim,0
tôi muốn bạn chạy thời tiết,0
tôi muốn bạn chạy face,0
tôi muốn bạn chạy insta,0
tôi muốn bạn chạy intellij,0
tôi muốn bạn chạy pycharm,0
tôi muốn bạn chạy chrome,0
tôi muốn bạn chạy firefox,0
tôi muốn bạn chạy steam,0
tôi muốn bạn chạy terminal,0
tôi muốn bạn chạy skype,0
tôi muốn bạn chạy dropbox,0
tôi muốn bạn chạy pinta,0
tôi muốn bạn chạy instagram.com,0
tôi muốn bạn chạy insta,0
tôi muốn bạn chạy instagram,0
tôi muốn bạn chạy facebook.com,0
tôi muốn bạn chạy facebook,0
tôi muốn bạn chạy face,0
tôi muốn bạn chạy gmail,0
tôi muốn bạn chạy mail.google.com,0
tôi muốn bạn chạy twitter.com,0
tôi muốn bạn chạy tweet,0
tôi muốn bạn chạy twitter,0
tôi muốn bạn chạy wikipedia,0
tôi muốn bạn chạy wiki,0
tôi muốn bạn chạy reddit.com,0
tôi muốn bạn chạy reddit,0
tôi muốn bạn chạy youtube.com,0
tôi muốn bạn chạy youtube,0
tôi muốn bạn chạy geeksforgeeks.org,0
tôi muốn bạn chạy geeksforgeeks,0
tôi muốn bạn chạy xvideos,0
tôi muốn bạn chạy yahoo.com,0
tôi muốn bạn chạy yahoo.com,0
tôi muốn bạn chạy amazon.com,0
tôi muốn bạn chạy amazon,0
tôi muốn bạn chạy google.com,0
tôi muốn bạn chạy google,0
tôi muốn bạn chạy linkedin.com,0
tôi muốn bạn chạy linkedin,0
tôi muốn bạn chạy netflix.com,0
tôi muốn bạn chạy netflix,0
tôi muốn bạn chạy phimmoi.com,0
tôi muốn bạn chạy phimmoi,0
tôi muốn bạn chạy thời tiết,0
tôi muốn bạn chạy phim,0
tôi muốn bạn chạy tủ quần áo,0
tôi muốn bạn chạy cửa,0
tôi muốn phim dừng lại,3
tôi muốn thời tiết dừng lại,3
tôi muốn face dừng lại,3
tôi muốn insta dừng lại,3
tôi muốn intellij dừng lại,3
tôi muốn pycharm dừng lại,3
tôi muốn chrome dừng lại,3
tôi muốn firefox dừng lại,3
tôi muốn steam dừng lại,3
tôi muốn terminal dừng lại,3
tôi muốn skype dừng lại,3
tôi muốn dropbox dừng lại,3
tôi muốn pinta dừng lại,3
tôi muốn instagram.com dừng lại,3
tôi muốn insta dừng lại,3
tôi muốn instagram dừng lại,3
tôi muốn facebook.com dừng lại,3
tôi muốn facebook dừng lại,3
tôi muốn face dừng lại,3
tôi muốn gmail dừng lại,3
tôi muốn mail.google.com dừng lại,3
tôi muốn twitter.com dừng lại,3
tôi muốn tweet dừng lại,3
tôi muốn twitter dừng lại,3
tôi muốn wikipedia dừng lại,3
tôi muốn wiki dừng lại,3
tôi muốn reddit.com dừng lại,3
tôi muốn reddit dừng lại,3
tôi muốn youtube.com dừng lại,3
tôi muốn youtube dừng lại,3
tôi muốn geeksforgeeks.org dừng lại,3
tôi muốn geeksforgeeks dừng lại,3
tôi muốn xvideos dừng lại,3
tôi muốn yahoo.com dừng lại,3
tôi muốn yahoo.com dừng lại,3
tôi muốn amazon.com dừng lại,3
tôi muốn amazon dừng lại,3
tôi muốn google.com dừng lại,3
tôi muốn google dừng lại,3
tôi muốn linkedin.com dừng lại,3
tôi muốn linkedin dừng lại,3
tôi muốn netflix.com dừng lại,3
tôi muốn netflix dừng lại,3
tôi muốn phimmoi.com dừng lại,3
tôi muốn phimmoi dừng lại,3
tôi muốn thời tiết dừng lại,3
tôi muốn phim dừng lại,3
tôi muốn tủ quần áo dừng lại,3
tôi muốn cửa dừng lại,3
không muốn thấy phim nữa,3
không muốn thấy thời tiết nữa,3
không muốn thấy face nữa,3
không muốn thấy insta nữa,3
không muốn thấy intellij nữa,3
không muốn thấy pycharm nữa,3
không muốn thấy chrome nữa,3
không muốn thấy firefox nữa,3
không muốn thấy steam nữa,3
không muốn thấy terminal nữa,3
không muốn thấy skype nữa,3
không muốn thấy dropbox nữa,3
không muốn thấy pinta nữa,3
không muốn thấy instagram.com nữa,3
không muốn thấy insta nữa,3
không muốn thấy instagram nữa,3
không muốn thấy facebook.com nữa,3
không muốn thấy facebook nữa,3
không muốn thấy face nữa,3
không muốn thấy gmail nữa,3
không muốn thấy mail.google.com nữa,3
không muốn thấy twitter.com nữa,3
không muốn thấy tweet nữa,3
không muốn thấy twitter nữa,3
không muốn thấy wikipedia nữa,3
không muốn thấy wiki nữa,3
không muốn thấy reddit.com nữa,3
không muốn thấy reddit nữa,3
không muốn thấy youtube.com nữa,3
không muốn thấy youtube nữa,3
không muốn thấy geeksforgeeks.org nữa,3
không muốn thấy geeksforgeeks nữa,3
không muốn thấy xvideos nữa,3
không muốn thấy yahoo.com nữa,3
không muốn thấy yahoo.com nữa,3
không muốn thấy amazon.com nữa,3
không muốn thấy amazon nữa,3
không muốn thấy google.com nữa,3
không muốn thấy google nữa,3
không muốn thấy linkedin.com nữa,3
không muốn thấy linkedin nữa,3
không muốn thấy netflix.com nữa,3
không muốn thấy netflix nữa,3
không muốn thấy phimmoi.com nữa,3
không muốn thấy phimmoi nữa,3
không muốn thấy thời tiết nữa,3
không muốn thấy phim nữa,3
không muốn thấy tủ quần áo nữa,3
không muốn thấy cửa nữa,3
tôi chán phim rồi,3
tôi chán thời tiết rồi,3
tôi chán face rồi,3
tôi chán insta rồi,3
tôi chán intellij rồi,3
tôi chán pycharm rồi,3
tôi chán chrome rồi,3
tôi chán firefox rồi,3
tôi chán steam rồi,3
tôi chán terminal rồi,3
tôi chán skype rồi,3
tôi chán dropbox rồi,3
tôi chán pinta rồi,3
tôi chán instagram.com rồi,3
tôi chán insta rồi,3
tôi chán instagram rồi,3
tôi chán facebook.com rồi,3
tôi chán facebook rồi,3
tôi chán face rồi,3
tôi chán gmail rồi,3
tôi chán mail.google.com rồi,3
tôi chán twitter.com rồi,3
tôi chán tweet rồi,3
tôi chán twitter rồi,3
tôi chán wikipedia rồi,3
tôi chán wiki rồi,3
tôi chán reddit.com rồi,3
tôi chán reddit rồi,3
tôi chán youtube.com rồi,3
tôi chán youtube rồi,3
tôi chán geeksforgeeks.org rồi,3
tôi chán geeksforgeeks rồi,3
tôi chán xvideos rồi,3
tôi chán yahoo.com rồi,3
tôi chán yahoo.com rồi,3
tôi chán amazon.com rồi,3
tôi chán amazon rồi,3
tôi chán google.com rồi,3
tôi chán google rồi,3
tôi chán linkedin.com rồi,3
tôi chán linkedin rồi,3
tôi chán netflix.com rồi,3
tôi chán netflix rồi,3
tôi chán phimmoi.com rồi,3
tôi chán phimmoi rồi,3
tôi chán thời tiết rồi,3
tôi chán phim rồi,3
tôi chán tủ quần áo rồi,3
tôi chán cửa rồi,3
tôi chán phim,3
tôi chán thời tiết,3
tôi chán face,3
tôi chán insta,3
tôi chán intellij,3
tôi chán pycharm,3
tôi chán chrome,3
tôi chán firefox,3
tôi chán steam,3
tôi chán terminal,3
tôi chán skype,3
tôi chán dropbox,3
tôi chán pinta,3
tôi chán instagram.com,3
tôi chán insta,3
tôi chán instagram,3
tôi chán facebook.com,3
tôi chán facebook,3
tôi chán face,3
tôi chán gmail,3
tôi chán mail.google.com,3
tôi chán twitter.com,3
tôi chán tweet,3
tôi chán twitter,3
tôi chán wikipedia,3
tôi chán wiki,3
tôi chán reddit.com,3
tôi chán reddit,3
tôi chán youtube.com,3
tôi chán youtube,3
tôi chán geeksforgeeks.org,3
tôi chán geeksforgeeks,3
tôi chán xvideos,3
tôi chán yahoo.com,3
tôi chán yahoo.com,3
tôi chán amazon.com,3
tôi chán amazon,3
tôi chán google.com,3
tôi chán google,3
tôi chán linkedin.com,3
tôi chán linkedin,3
tôi chán netflix.com,3
tôi chán netflix,3
tôi chán phimmoi.com,3
tôi chán phimmoi,3
tôi chán thời tiết,3
tôi chán phim,3
tôi chán tủ quần áo,3
tôi chán cửa,3
tôi thích dùng phim ngay bây giờ,0
tôi thích dùng thời tiết ngay bây giờ,0
tôi thích dùng face ngay bây giờ,0
tôi thích dùng insta ngay bây giờ,0
tôi thích dùng intellij ngay bây giờ,0
tôi thích dùng pycharm ngay bây giờ,0
tôi thích dùng chrome ngay bây giờ,0
tôi thích dùng firefox ngay bây giờ,0
tôi thích dùng steam ngay bây giờ,0
tôi thích dùng terminal ngay bây giờ,0
tôi thích dùng skype ngay bây giờ,0
tôi thích dùng dropbox ngay bây giờ,0
tôi thích dùng pinta ngay bây giờ,0
tôi thích dùng instagram.com ngay bây giờ,0
tôi thích dùng insta ngay bây giờ,0
tôi thích dùng instagram ngay bây giờ,0
tôi thích dùng facebook.com ngay bây giờ,0
tôi thích dùng facebook ngay bây giờ,0
tôi thích dùng face ngay bây giờ,0
tôi thích dùng gmail ngay bây giờ,0
tôi thích dùng mail.google.com ngay bây giờ,0
tôi thích dùng twitter.com ngay bây giờ,0
tôi thích dùng tweet ngay bây giờ,0
tôi thích dùng twitter ngay bây giờ,0
tôi thích dùng wikipedia ngay bây giờ,0
tôi thích dùng wiki ngay bây giờ,0
tôi thích dùng reddit.com ngay bây giờ,0
tôi thích dùng reddit ngay bây giờ,0
tôi thích dùng youtube.com ngay bây giờ,0
tôi thích dùng youtube ngay bây giờ,0
tôi thích dùng geeksforgeeks.org ngay bây giờ,0
tôi thích dùng geeksforgeeks ngay bây giờ,0
tôi thích dùng xvideos ngay bây giờ,0
tôi thích dùng yahoo.com ngay bây giờ,0
tôi thích dùng yahoo.com ngay bây giờ,0
tôi thích dùng amazon.com ngay bây giờ,0
tôi thích dùng amazon ngay bây giờ,0
tôi thích dùng google.com ngay bây giờ,0
tôi thích dùng google ngay bây giờ,0
tôi thích dùng linkedin.com ngay bây giờ,0
tôi thích dùng linkedin ngay bây giờ,0
tôi thích dùng netflix.com ngay bây giờ,0
tôi thích dùng netflix ngay bây giờ,0
tôi thích dùng phimmoi.com ngay bây giờ,0
tôi thích dùng phimmoi ngay bây giờ,0
tôi thích dùng thời tiết ngay bây giờ,0
tôi thích dùng phim ngay bây giờ,0
tôi thích dùng tủ quần áo ngay bây giờ,0
tôi thích dùng cửa ngay bây giờ,0
phim dừng ngay,3
thời tiết dừng ngay,3
face dừng ngay,3
insta dừng ngay,3
intellij dừng ngay,3
pycharm dừng ngay,3
chrome dừng ngay,3
firefox dừng ngay,3
steam dừng ngay,3
terminal dừng ngay,3
skype dừng ngay,3
dropbox dừng ngay,3
pinta dừng ngay,3
instagram.com dừng ngay,3
insta dừng ngay,3
instagram dừng ngay,3
facebook.com dừng ngay,3
facebook dừng ngay,3
face dừng ngay,3
gmail dừng ngay,3
mail.google.com dừng ngay,3
twitter.com dừng ngay,3
tweet dừng ngay,3
twitter dừng ngay,3
wikipedia dừng ngay,3
wiki dừng ngay,3
reddit.com dừng ngay,3
reddit dừng ngay,3
youtube.com dừng ngay,3
youtube dừng ngay,3
geeksforgeeks.org dừng ngay,3
geeksforgeeks dừng ngay,3
xvideos dừng ngay,3
yahoo.com dừng ngay,3
yahoo.com dừng ngay,3
amazon.com dừng ngay,3
amazon dừng ngay,3
google.com dừng ngay,3
google dừng ngay,3
linkedin.com dừng ngay,3
linkedin dừng ngay,3
netflix.com dừng ngay,3
netflix dừng ngay,3
phimmoi.com dừng ngay,3
phimmoi dừng ngay,3
thời tiết dừng ngay,3
phim dừng ngay,3
tủ quần áo dừng ngay,3
cửa dừng ngay,3
phim bật lên,0
thời tiết bật lên,0
face bật lên,0
insta bật lên,0
intellij bật lên,0
pycharm bật lên,0
chrome bật lên,0
firefox bật lên,0
steam bật lên,0
terminal bật lên,0
skype bật lên,0
dropbox bật lên,0
pinta bật lên,0
instagram.com bật lên,0
insta bật lên,0
instagram bật lên,0
facebook.com bật lên,0
facebook bật lên,0
face bật lên,0
gmail bật lên,0
mail.google.com bật lên,0
twitter.com bật lên,0
tweet bật lên,0
twitter bật lên,0
wikipedia bật lên,0
wiki bật lên,0
reddit.com bật lên,0
reddit bật lên,0
youtube.com bật lên,0
youtube bật lên,0
geeksforgeeks.org bật lên,0
geeksforgeeks bật lên,0
xvideos bật lên,0
yahoo.com bật lên,0
yahoo.com bật lên,0
amazon.com bật lên,0
amazon bật lên,0
google.com bật lên,0
google bật lên,0
linkedin.com bật lên,0
linkedin bật lên,0
netflix.com bật lên,0
netflix bật lên,0
phimmoi.com bật lên,0
phimmoi bật lên,0
thời tiết bật lên,0
phim bật lên,0
tủ quần áo bật lên,0
cửa bật lên,0
tôi không dùng phim nữa,3
tôi không dùng thời tiết nữa,3
tôi không dùng face nữa,3
tôi không dùng insta nữa,3
tôi không dùng intellij nữa,3
tôi không dùng pycharm nữa,3
tôi không dùng chrome nữa,3
tôi không dùng firefox nữa,3
tôi không dùng steam nữa,3
tôi không dùng terminal nữa,3
tôi không dùng skype nữa,3
tôi không dùng dropbox nữa,3
tôi không dùng pinta nữa,3
tôi không dùng instagram.com nữa,3
tôi không dùng insta nữa,3
tôi không dùng instagram nữa,3
tôi không dùng facebook.com nữa,3
tôi không dùng facebook nữa,3
tôi không dùng face nữa,3
tôi không dùng gmail nữa,3
tôi không dùng mail.google.com nữa,3
tôi không dùng twitter.com nữa,3
tôi không dùng tweet nữa,3
tôi không dùng twitter nữa,3
tôi không dùng wikipedia nữa,3
tôi không dùng wiki nữa,3
tôi không dùng reddit.com nữa,3
tôi không dùng reddit nữa,3
tôi không dùng youtube.com nữa,3
tôi không dùng youtube nữa,3
tôi không dùng geeksforgeeks.org nữa,3
tôi không dùng geeksforgeeks nữa,3
tôi không dùng xvideos nữa,3
tôi không dùng yahoo.com nữa,3
tôi không dùng yahoo.com nữa,3
tôi không dùng amazon.com nữa,3
tôi không dùng amazon nữa,3
tôi không dùng google.com nữa,3
tôi không dùng google nữa,3
tôi không dùng linkedin.com nữa,3
tôi không dùng linkedin nữa,3
tôi không dùng netflix.com nữa,3
tôi không dùng netflix nữa,3
tôi không dùng phimmoi.com nữa,3
tôi không dùng phimmoi nữa,3
tôi không dùng thời tiết nữa,3
tôi không dùng phim nữa,3
tôi không dùng tủ quần áo nữa,3
tôi không dùng cửa nữa,3
đóng phim lại ngay nhé,3
đóng thời tiết lại ngay nhé,3
đóng face lại ngay nhé,3
đóng insta lại ngay nhé,3
đóng intellij lại ngay nhé,3
đóng pycharm lại ngay nhé,3
đóng chrome lại ngay nhé,3
đóng firefox lại ngay nhé,3
đóng steam lại ngay nhé,3
đóng terminal lại ngay nhé,3
đóng skype lại ngay nhé,3
đóng dropbox lại ngay nhé,3
đóng pinta lại ngay nhé,3
đóng instagram.com lại ngay nhé,3
đóng insta lại ngay nhé,3
đóng instagram lại ngay nhé,3
đóng facebook.com lại ngay nhé,3
đóng facebook lại ngay nhé,3
đóng face lại ngay nhé,3
đóng gmail lại ngay nhé,3
đóng mail.google.com lại ngay nhé,3
đóng twitter.com lại ngay nhé,3
đóng tweet lại ngay nhé,3
đóng twitter lại ngay nhé,3
đóng wikipedia lại ngay nhé,3
đóng wiki lại ngay nhé,3
đóng reddit.com lại ngay nhé,3
đóng reddit lại ngay nhé,3
đóng youtube.com lại ngay nhé,3
đóng youtube lại ngay nhé,3
đóng geeksforgeeks.org lại ngay nhé,3
đóng geeksforgeeks lại ngay nhé,3
đóng xvideos lại ngay nhé,3
đóng yahoo.com lại ngay nhé,3
đóng yahoo.com lại ngay nhé,3
đóng amazon.com lại ngay nhé,3
đóng amazon lại ngay nhé,3
đóng google.com lại ngay nhé,3
đóng google lại ngay nhé,3
đóng linkedin.com lại ngay nhé,3
đóng linkedin lại ngay nhé,3
đóng netflix.com lại ngay nhé,3
đóng netflix lại ngay nhé,3
đóng phimmoi.com lại ngay nhé,3
đóng phimmoi lại ngay nhé,3
đóng thời tiết lại ngay nhé,3
đóng phim lại ngay nhé,3
đóng tủ quần áo lại ngay nhé,3
đóng cửa lại ngay nhé,3
tôi muốn phim chạy,0
tôi muốn thời tiết chạy,0
tôi muốn face chạy,0
tôi muốn insta chạy,0
tôi muốn intellij chạy,0
tôi muốn pycharm chạy,0
tôi muốn chrome chạy,0
tôi muốn firefox chạy,0
tôi muốn steam chạy,0
tôi muốn terminal chạy,0
tôi muốn skype chạy,0
tôi muốn dropbox chạy,0
tôi muốn pinta chạy,0
tôi muốn instagram.com chạy,0
tôi muốn insta chạy,0
tôi muốn instagram chạy,0
tôi muốn facebook.com chạy,0
tôi muốn facebook chạy,0
tôi muốn face chạy,0
tôi muốn gmail chạy,0
tôi muốn mail.google.com chạy,0
tôi muốn twitter.com chạy,0
tôi muốn tweet chạy,0
tôi muốn twitter chạy,0
tôi muốn wikipedia chạy,0
tôi muốn wiki chạy,0
tôi muốn reddit.com chạy,0
tôi muốn reddit chạy,0
tôi muốn youtube.com chạy,0
tôi muốn youtube chạy,0
tôi muốn geeksforgeeks.org chạy,0
tôi muốn geeksforgeeks chạy,0
tôi muốn xvideos chạy,0
tôi muốn yahoo.com chạy,0
tôi muốn yahoo.com chạy,0
tôi muốn amazon.com chạy,0
tôi muốn amazon chạy,0
tôi muốn google.com chạy,0
tôi muốn google chạy,0
tôi muốn linkedin.com chạy,0
tôi muốn linkedin chạy,0
tôi muốn netflix.com chạy,0
tôi muốn netflix chạy,0
tôi muốn phimmoi.com chạy,0
tôi muốn phimmoi chạy,0
tôi muốn thời tiết chạy,0
tôi muốn phim chạy,0
tôi muốn tủ quần áo chạy,0
tôi muốn cửa chạy,0
giúp tôi mở phim,0
giúp tôi mở thời tiết,0
giúp tôi mở face,0
giúp tôi mở insta,0
giúp tôi mở intellij,0
giúp tôi mở pycharm,0
giúp tôi mở chrome,0
giúp tôi mở firefox,0
giúp tôi mở steam,0
giúp tôi mở terminal,0
giúp tôi mở skype,0
giúp tôi mở dropbox,0
giúp tôi mở pinta,0
giúp tôi mở instagram.com,0
giúp tôi mở insta,0
giúp tôi mở instagram,0
giúp tôi mở facebook.com,0
giúp tôi mở facebook,0
giúp tôi mở face,0
giúp tôi mở gmail,0
giúp tôi mở mail.google.com,0
giúp tôi mở twitter.com,0
giúp tôi mở tweet,0
giúp tôi mở twitter,0
giúp tôi mở wikipedia,0
giúp tôi mở wiki,0
giúp tôi mở reddit.com,0
giúp tôi mở reddit,0
giúp tôi mở youtube.com,0
giúp tôi mở youtube,0
giúp tôi mở geeksforgeeks.org,0
giúp tôi mở geeksforgeeks,0
giúp tôi mở xvideos,0
giúp tôi mở yahoo.com,0
giúp tôi mở yahoo.com,0
giúp tôi mở amazon.com,0
giúp tôi mở amazon,0
giúp tôi mở google.com,0
giúp tôi mở google,0
giúp tôi mở linkedin.com,0
giúp tôi mở linkedin,0
giúp tôi mở netflix.com,0
giúp tôi mở netflix,0
giúp tôi mở phimmoi.com,0
giúp tôi mở phimmoi,0
giúp tôi mở thời tiết,0
giúp tôi mở phim,0
giúp tôi mở tủ quần áo,0
giúp tôi mở cửa,0
giúp tôi tắt phim,3
giúp tôi tắt thời tiết,3
giúp tôi tắt face,3
giúp tôi tắt insta,3
giúp tôi tắt intellij,3
giúp tôi tắt pycharm,3
giúp tôi tắt chrome,3
giúp tôi tắt firefox,3
giúp tôi tắt steam,3
giúp tôi tắt terminal,3
giúp tôi tắt skype,3
giúp tôi tắt dropbox,3
giúp tôi tắt pinta,3
giúp tôi tắt instagram.com,3
giúp tôi tắt insta,3
giúp tôi tắt instagram,3
giúp tôi tắt facebook.com,3
giúp tôi tắt facebook,3
giúp tôi tắt face,3
giúp tôi tắt gmail,3
giúp tôi tắt mail.google.com,3
giúp tôi tắt twitter.com,3
giúp tôi tắt tweet,3
giúp tôi tắt twitter,3
giúp tôi tắt wikipedia,3
giúp tôi tắt wiki,3
giúp tôi tắt reddit.com,3
giúp tôi tắt reddit,3
giúp tôi tắt youtube.com,3
giúp tôi tắt youtube,3
giúp tôi tắt geeksforgeeks.org,3
giúp tôi tắt geeksforgeeks,3
giúp tôi tắt xvideos,3
giúp tôi tắt yahoo.com,3
giúp tôi tắt yahoo.com,3
giúp tôi tắt amazon.com,3
giúp tôi tắt amazon,3
giúp tôi tắt google.com,3
giúp tôi tắt google,3
giúp tôi tắt linkedin.com,3
giúp tôi tắt linkedin,3
giúp tôi tắt netflix.com,3
giúp tôi tắt netflix,3
giúp tôi tắt phimmoi.com,3
giúp tôi tắt phimmoi,3
giúp tôi tắt thời tiết,3
giúp tôi tắt phim,3
giúp tôi tắt tủ quần áo,3
giúp tôi tắt cửa,3
bật phim nào,0
bật thời tiết nào,0
bật face nào,0
bật insta nào,0
bật intellij nào,0
bật pycharm nào,0
bật chrome nào,0
bật firefox nào,0
bật steam nào,0
bật terminal nào,0
bật skype nào,0
bật dropbox nào,0
bật pinta nào,0
bật instagram.com nào,0
bật insta nào,0
bật instagram nào,0
bật facebook.com nào,0
bật facebook nào,0
bật face nào,0
bật gmail nào,0
bật mail.google.com nào,0
bật twitter.com nào,0
bật tweet nào,0
bật twitter nào,0
bật wikipedia nào,0
bật wiki nào,0
bật reddit.com nào,0
bật reddit nào,0
bật youtube.com nào,0
bật youtube nào,0
bật geeksforgeeks.org nào,0
bật geeksforgeeks nào,0
bật xvideos nào,0
bật yahoo.com nào,0
bật yahoo.com nào,0
bật amazon.com nào,0
bật amazon nào,0
bật google.com nào,0
bật google nào,0
bật linkedin.com nào,0
bật linkedin nào,0
bật netflix.com nào,0
bật netflix nào,0
bật phimmoi.com nào,0
bật phimmoi nào,0
bật thời tiết nào,0
bật phim nào,0
bật tủ quần áo nào,0
bật cửa nào,0
lướt phim nào,0
lướt thời tiết nào,0
lướt face nào,0
lướt insta nào,0
lướt intellij nào,0
lướt pycharm nào,0
lướt chrome nào,0
lướt firefox nào,0
lướt steam nào,0
lướt terminal nào,0
lướt skype nào,0
lướt dropbox nào,0
lướt pinta nào,0
lướt instagram.com nào,0
lướt insta nào,0
lướt instagram nào,0
lướt facebook.com nào,0
lướt facebook nào,0
lướt face nào,0
lướt gmail nào,0
lướt mail.google.com nào,0
lướt twitter.com nào,0
lướt tweet nào,0
lướt twitter nào,0
lướt wikipedia nào,0
lướt wiki nào,0
lướt reddit.com nào,0
lướt reddit nào,0
lướt youtube.com nào,0
lướt youtube nào,0
lướt geeksforgeeks.org nào,0
lướt geeksforgeeks nào,0
lướt xvideos nào,0
lướt yahoo.com nào,0
lướt yahoo.com nào,0
lướt amazon.com nào,0
lướt amazon nào,0
lướt google.com nào,0
lướt google nào,0
lướt linkedin.com nào,0
lướt linkedin nào,0
lướt netflix.com nào,0
lướt netflix nào,0
lướt phimmoi.com nào,0
lướt phimmoi nào,0
lướt thời tiết nào,0
lướt phim nào,0
lướt tủ quần áo nào,0
lướt cửa nào,0
phim ở đâu rồi mở lên,0
thời tiết ở đâu rồi mở lên,0
face ở đâu rồi mở lên,0
insta ở đâu rồi mở lên,0
intellij ở đâu rồi mở lên,0
pycharm ở đâu rồi mở lên,0
chrome ở đâu rồi mở lên,0
firefox ở đâu rồi mở lên,0
steam ở đâu rồi mở lên,0
terminal ở đâu rồi mở lên,0
skype ở đâu rồi mở lên,0
dropbox ở đâu rồi mở lên,0
pinta ở đâu rồi mở lên,0
instagram.com ở đâu rồi mở lên,0
insta ở đâu rồi mở lên,0
instagram ở đâu rồi mở lên,0
facebook.com ở đâu rồi mở lên,0
facebook ở đâu rồi mở lên,0
face ở đâu rồi mở lên,0
gmail ở đâu rồi mở lên,0
mail.google.com ở đâu rồi mở lên,0
twitter.com ở đâu rồi mở lên,0
tweet ở đâu rồi mở lên,0
twitter ở đâu rồi mở lên,0
wikipedia ở đâu rồi mở lên,0
wiki ở đâu rồi mở lên,0
reddit.com ở đâu rồi mở lên,0
reddit ở đâu rồi mở lên,0
youtube.com ở đâu rồi mở lên,0
youtube ở đâu rồi mở lên,0
geeksforgeeks.org ở đâu rồi mở lên,0
geeksforgeeks ở đâu rồi mở lên,0
xvideos ở đâu rồi mở lên,0
yahoo.com ở đâu rồi mở lên,0
yahoo.com ở đâu rồi mở lên,0
amazon.com ở đâu rồi mở lên,0
amazon ở đâu rồi mở lên,0
google.com ở đâu rồi mở lên,0
google ở đâu rồi mở lên,0
linkedin.com ở đâu rồi mở lên,0
linkedin ở đâu rồi mở lên,0
netflix.com ở đâu rồi mở lên,0
netflix ở đâu rồi mở lên,0
phimmoi.com ở đâu rồi mở lên,0
phimmoi ở đâu rồi mở lên,0
thời tiết ở đâu rồi mở lên,0
phim ở đâu rồi mở lên,0
tủ quần áo ở đâu rồi mở lên,0
cửa ở đâu rồi mở lên,0
